<?xml version="1.0" encoding="UTF-8"?>
<project-private xmlns="http://www.netbeans.org/ns/project-private/1">
    <open-files xmlns="http://www.netbeans.org/ns/projectui-open-files/2">
        <group>
            <file>file:/C:/Users/Borghettor00/Desktop/FTP_100/src/source/MainForm.java</file>
            <file>file:/C:/Users/Borghettor00/Desktop/FTP_100/src/source/UploadFile.java</file>
            <file>file:/C:/Users/Borghettor00/Desktop/FTP_100/src/source/Seriale.java</file>
        </group>
    </open-files>
</project-private>
